scott_violet@dev.null=scott_violet.jpg
chet_haase@dev.null=chet_haase.jpg
hans_muller@dev.null=hans_muller.jpg
romain_guy@dev.null=romain_guy.jpg
shannon_hickey@dev.null=shannon_hickey.png
christopher_campbell@dev.null=chris_campbell.jpg
igor_kushnirskiy@dev.null=igor_kushnirskiy.jpg
brent_christian@dev.null=brent_christian.jpg
arseniy@dev.null=arseniy.jpg
